{
  "timestamp": "2025-11-20T11:35:39.441918",
  "tests": {
    "ecdsa": {
      "algorithm": "ECDSA (Cl\u00e1ssico)",
      "num_tests": 100,
      "signing": {
        "avg_time_ms": 0.6432509997102898,
        "min_time_ms": 0.563900000997819,
        "max_time_ms": 2.1219000045675784,
        "median_time_ms": 0.5814500036649406,
        "std_dev_ms": 0.17723965496496133
      },
      "verification": {
        "avg_time_ms": 0.5844010001601418,
        "min_time_ms": 0.5042999982833862,
        "max_time_ms": 1.1133000007248484,
        "median_time_ms": 0.5256499971437734,
        "std_dev_ms": 0.1236976124966444
      },
      "signature_size": {
        "avg_bytes": 71.1,
        "min_bytes": 70,
        "max_bytes": 72,
        "size_bytes": 71
      },
      "total_time_ms": 122.76519998704316
    },
    "ml_dsa": {
      "algorithm": "ML-DSA (Dilithium - PQC)",
      "num_tests": 100,
      "signing": {
        "avg_time_ms": 0.03677300068375189,
        "min_time_ms": 0.00910000380827114,
        "max_time_ms": 0.06669999856967479,
        "median_time_ms": 0.03494999691611156,
        "std_dev_ms": 0.01104622867995256
      },
      "verification": {
        "avg_time_ms": 0.7291860000259476,
        "min_time_ms": 0.16119999781949446,
        "max_time_ms": 1.4927000011084601,
        "median_time_ms": 0.7880499979364686,
        "std_dev_ms": 0.22464031251719002
      },
      "signature_size": {
        "avg_bytes": 2420,
        "min_bytes": 2420,
        "max_bytes": 2420,
        "size_bytes": 2420
      },
      "total_time_ms": 76.59590007096995
    },
    "qrs3": {
      "algorithm": "QRS-3 (Redund\u00e2ncia 3)",
      "redundancy_level": 3,
      "num_tests": 100,
      "signing": {
        "avg_time_ms": 255.71293600005447,
        "min_time_ms": 204.50370000617113,
        "max_time_ms": 340.8689999996568,
        "median_time_ms": 250.85629999739467,
        "std_dev_ms": 26.636781977234655
      },
      "verification": {
        "avg_time_ms": 1.3765929990040604,
        "min_time_ms": 1.0575999986031093,
        "max_time_ms": 2.730500003963243,
        "median_time_ms": 1.326800003880635,
        "std_dev_ms": 0.2553066889671431
      },
      "signature_size": {
        "avg_bytes": 38154.94,
        "min_bytes": 38154,
        "max_bytes": 38156,
        "size_bytes": 38155
      },
      "total_time_ms": 25708.952899905853
    }
  },
  "summary": {
    "latency_comparison": {
      "signing_time_ms": {
        "ecdsa": 0.6432509997102898,
        "ml_dsa": 0.03677300068375189,
        "qrs3": 255.71293600005447
      },
      "verification_time_ms": {
        "ecdsa": 0.5844010001601418,
        "ml_dsa": 0.7291860000259476,
        "qrs3": 1.3765929990040604
      },
      "total_time_ms": {
        "ecdsa": 122.76519998704316,
        "ml_dsa": 76.59590007096995,
        "qrs3": 25708.952899905853
      }
    },
    "signature_size_comparison": {
      "ecdsa_bytes": 71,
      "ml_dsa_bytes": 2420,
      "qrs3_bytes": 38155
    },
    "performance_overhead": {
      "ml_dsa_vs_ecdsa": {
        "signing_overhead_x": 0.05716742096057974,
        "verification_overhead_x": 1.247749404648744
      },
      "qrs3_vs_ecdsa": {
        "signing_overhead_x": 397.5321237203263,
        "verification_overhead_x": 2.3555623597954765
      }
    },
    "scalability_impact": {
      "block_size_increase_percentage": {
        "ml_dsa_vs_ecdsa": 866.7896678966789,
        "qrs3_vs_ecdsa": 14053.136531365313
      },
      "blocks_per_gb": {
        "ecdsa_blocks_per_gb": 39621.469520295206,
        "ml_dsa_blocks_per_gb": 4098.251236641221,
        "qrs3_blocks_per_gb": 279.94833111719464
      }
    }
  },
  "block_size_impact": {
    "base_transaction_size_bytes": 200,
    "signature_sizes": {
      "ecdsa_bytes": 71,
      "ml_dsa_bytes": 2420,
      "qrs3_bytes": 38155
    },
    "transaction_sizes": {
      "ecdsa_bytes": 271,
      "ml_dsa_bytes": 2620,
      "qrs3_bytes": 38355
    },
    "block_size_100_transactions": {
      "ecdsa": 27100,
      "ml_dsa": 262000,
      "qrs3": 3835500
    },
    "increase_percentage": {
      "ml_dsa_vs_ecdsa": 866.7896678966789,
      "qrs3_vs_ecdsa": 14053.136531365313
    },
    "scalability_analysis": {
      "ecdsa_blocks_per_gb": 39621.469520295206,
      "ml_dsa_blocks_per_gb": 4098.251236641221,
      "qrs3_blocks_per_gb": 279.94833111719464
    }
  }
}